City,Country,Cloudiness,Date,Humidity,Lat,Lng,Temp,Max Temp,Wind Speed
Barrow,US,1,1579917160,68,71.29,-156.79,-18.4,-18.4,10.29
Victoria,SC,20,1579917460,83,-4.62,55.45,82.4,82.4,3.36
Ternate,ID,41,1579917460,58,0.8,127.4,87.67,87.67,5.39
Puerto Ayora,EC,23,1579917460,57,-0.74,-90.35,77.0,77.0,1.01
Avarua,CK,80,1579917174,88,-21.21,-159.78,82.4,82.4,8.05
Saint-Augustin,CA,11,1579917460,74,51.23,-58.65,4.33,4.33,10.18
Punta Arenas,CL,20,1579917265,76,-53.15,-70.92,48.09,48.2,10.38
Luderitz,NA,0,1579917461,93,-26.65,15.16,66.2,66.2,3.36
Aksarka,RU,83,1579917461,97,66.56,67.8,-0.11,-0.11,4.09
Kaifeng,CN,90,1579917291,64,34.79,114.35,35.6,35.6,4.47
Saldanha,ZA,18,1579917461,82,-33.01,17.94,66.2,66.2,11.41
Auki,SB,0,1579917461,72,-8.77,160.7,85.1,85.1,8.41
Morant Bay,JM,20,1579917461,69,17.88,-76.41,75.58,78.8,9.17
New Norfolk,AU,75,1579917461,38,-42.78,147.06,70.86,75.0,20.8
Monrovia,LR,20,1579917275,88,6.3,-10.8,77.0,77.0,0.74
Albany,AU,40,1579917462,64,-35.02,117.89,71.6,71.6,4.7
Karratha,AU,9,1579917462,78,-20.74,116.85,84.27,84.27,11.56
Iqaluit,CA,5,1579917462,67,63.75,-68.51,-27.2,-27.0,5.82
Kamaishi,JP,40,1579917462,43,39.27,141.88,35.6,35.6,11.41
Inongo,CD,100,1579917462,54,-1.95,18.27,70.25,70.25,1.19
Hobart,AU,75,1579917462,38,-42.88,147.33,71.1,75.0,20.8
Abonnema,NG,32,1579917462,83,4.71,6.79,71.6,71.6,4.54
Cidreira,BR,0,1579917462,70,-30.18,-50.21,72.99,72.99,2.13
Nailon,PH,0,1579917463,70,11.05,124.04,84.0,84.0,9.8
Fortuna,US,90,1579917463,87,40.6,-124.16,55.76,59.0,4.85
Faanui,PF,6,1579917463,77,-16.48,-151.75,82.33,82.33,12.59
Ushuaia,AR,75,1579917280,81,-54.8,-68.3,48.2,48.2,5.82
Grandola,PT,90,1579917463,100,38.18,-8.57,46.18,46.4,5.82
Fuyang,CN,100,1579917464,63,32.9,115.82,42.87,42.87,11.36
Rikitea,PF,43,1579917235,76,-23.12,-134.97,78.58,78.58,13.42
Norman Wells,CA,90,1579917464,76,65.28,-126.83,-7.6,-7.6,5.82
La Tuque,CA,100,1579917464,97,47.43,-72.78,20.25,20.25,3.27
Busselton,AU,0,1579917165,31,-33.65,115.33,80.28,84.0,5.37
Sana,PE,22,1579917464,29,-6.92,-79.58,66.2,66.2,14.99
Vaini,TO,40,1579917464,74,-21.2,-175.2,84.2,84.2,9.17
Evensk,RU,100,1579917464,94,61.95,159.23,5.83,5.83,18.61
Jamestown,SH,99,1579917464,71,-15.94,-5.72,73.98,73.98,6.46
Kautokeino,NO,100,1579917465,74,69.01,23.04,14.09,14.09,1.34
Petropavlovsk-Kamchatsky,RU,100,1579917465,53,53.05,158.65,21.2,21.2,4.47
Bluff,NZ,73,1579917291,63,-46.6,168.33,66.99,66.99,5.01
Margate,ZA,97,1579917465,76,-30.86,30.37,77.49,77.49,26.24
Cherskiy,RU,100,1579917465,93,68.75,161.3,-30.15,-30.15,3.02
Mirny,RU,100,1579917465,82,62.54,113.96,-25.6,-25.6,6.71
Yumen,CN,0,1579917465,54,40.28,97.2,22.06,22.06,11.41
Rio Gallegos,AR,30,1579917465,76,-51.62,-69.22,50.0,50.0,13.87
Butaritari,KI,100,1579917465,71,3.07,172.79,84.51,84.51,3.96
Atuona,PF,0,1579917466,77,-9.8,-139.03,80.96,80.96,12.8
Chokurdakh,RU,9,1579917466,95,70.63,147.92,-35.55,-35.55,2.53
Los Llanos de Aridane,ES,0,1579917466,63,28.66,-17.92,60.8,60.8,8.05
Hermanus,ZA,0,1579917466,97,-34.42,19.23,64.9,66.0,1.32
Ribeira Grande,PT,100,1579917177,87,38.52,-28.7,57.09,57.09,15.19
Hilo,US,90,1579917466,69,19.73,-155.09,72.88,77.0,9.17
Mendi,ET,68,1579917466,50,9.8,35.1,54.03,54.03,0.25
Bethel,US,5,1579917466,48,41.37,-73.41,35.62,41.0,9.17
Cape Town,ZA,20,1579917466,93,-33.93,18.42,62.8,66.0,5.82
Tessalit,ML,85,1579917467,12,20.2,1.01,72.77,72.77,12.5
Thaton,MM,72,1579917467,28,16.92,97.37,80.46,80.46,2.17
Kuusamo,FI,90,1579917467,92,65.97,29.18,8.6,8.6,2.24
Esperance,AU,40,1579917294,57,-33.87,121.9,75.2,75.2,3.36
General Roca,AR,0,1579917467,20,-39.03,-67.58,86.0,86.0,11.41
Sangar,RU,0,1579917467,93,63.92,127.47,-38.07,-38.07,4.45
College,US,75,1579917167,70,64.86,-147.8,-2.09,1.4,8.05
Acapulco de Juarez,MX,40,1579917467,74,16.86,-99.89,80.6,80.6,3.67
Porbandar,IN,0,1579917468,46,21.64,69.61,70.7,70.7,8.77
Georgetown,SH,100,1579917468,81,-7.93,-14.42,78.01,78.01,13.47
Chui,UY,0,1579917468,87,-33.7,-53.46,70.02,70.02,11.23
Bambous Virieux,MU,75,1579917468,94,-20.34,57.76,79.84,80.6,19.46
Arrondissement de Villefranche-de-Rouergue,FR,67,1579917468,86,44.33,2.0,40.42,43.0,5.82
Mar del Plata,AR,40,1579917320,78,-38.0,-57.56,69.84,75.2,4.7
Villa Juarez,MX,90,1579917468,77,24.65,-107.54,67.03,69.8,6.93
Bud,NO,100,1579917468,64,62.91,6.91,35.92,39.2,12.75
Alofi,NU,100,1579917469,86,-19.06,-169.92,80.46,80.46,10.69
Coquimbo,CL,0,1579917190,82,-29.95,-71.34,66.2,66.2,6.93
Torbay,CA,20,1579917269,67,47.67,-52.73,19.81,21.99,6.93
Finschhafen,PG,100,1579917469,73,-6.6,147.87,83.64,83.64,2.06
Coyhaique,CL,98,1579917183,51,-45.58,-72.07,62.6,62.6,6.93
Te Anau,NZ,16,1579917469,77,-45.42,167.72,64.17,64.17,8.03
Pevek,RU,92,1579917469,96,69.7,170.31,-23.4,-23.4,2.57
Upernavik,GL,100,1579917469,95,72.79,-56.15,-11.85,-11.85,5.57
Lebu,CL,0,1579917470,63,-37.62,-73.65,58.15,58.15,8.08
Manzhouli,CN,0,1579917470,80,49.6,117.43,-2.74,-2.74,3.58
Kapaa,US,20,1579917291,74,22.08,-159.32,77.85,80.6,13.87
Havelock,US,75,1579917247,77,34.88,-76.9,61.16,64.4,5.82
Elizabeth City,US,1,1579917402,100,36.29,-76.25,54.25,57.2,3.36
Peleduy,RU,100,1579917470,93,59.63,112.74,9.41,9.41,7.83
Itarema,BR,84,1579917171,88,-2.92,-39.92,76.77,76.77,4.56
Paka,MY,20,1579917470,88,4.64,103.44,77.0,77.0,2.24
Saint-Philippe,RE,100,1579917336,94,-21.36,55.77,75.67,78.8,24.16
Akdepe,TM,90,1579917471,92,42.06,59.38,29.17,30.2,6.93
Provideniya,RU,51,1579917462,95,64.38,-173.3,-8.07,-8.07,4.74
Khatassy,RU,90,1579917471,56,61.9,129.64,-50.8,-50.8,4.47
Iwaki,JP,40,1579917471,44,37.05,140.88,42.26,50.0,17.22
Salalah,OM,20,1579917471,73,17.02,54.09,73.4,73.4,1.12
Dombarovskiy,RU,83,1579917471,97,50.76,59.54,-0.8,-0.8,11.12
Wembley,CA,40,1579917471,92,55.15,-119.14,21.2,21.2,4.7
Itamaraju,BR,100,1579917453,95,-17.04,-39.53,72.82,72.82,7.9
Mahebourg,MU,75,1579917472,94,-20.41,57.7,79.88,80.6,19.46
Bredasdorp,ZA,26,1579917313,94,-34.53,20.04,66.24,68.0,1.3
Lompoc,US,1,1579917472,48,34.64,-120.46,61.84,64.4,8.05
Longyearbyen,SJ,20,1579917472,54,78.22,15.64,1.4,1.4,17.22
Mossamedes,AO,72,1579917472,75,-15.2,12.15,74.1,74.1,7.47
Saint-Pierre,PM,3,1579917472,63,46.77,-56.17,21.29,21.29,10.42
Lubango,AO,99,1579917323,85,-14.92,13.49,61.05,61.05,2.19
Lagoa,PT,100,1579917182,81,39.05,-27.98,61.0,61.0,19.91
Qaanaaq,GL,3,1579917473,47,77.48,-69.36,-7.33,-7.33,8.75
Rafai,CF,56,1579917473,21,4.95,23.92,62.04,62.04,4.59
Nikolskoye,RU,90,1579917473,80,59.7,30.79,34.99,35.6,11.18
Port Elizabeth,ZA,62,1579917473,78,-33.92,25.57,69.76,69.76,13.02
Tefe,BR,100,1579917473,98,-3.35,-64.71,75.13,75.13,4.41
Beroroha,MG,48,1579917473,78,-21.67,45.17,70.7,70.7,8.19
Hithadhoo,MV,79,1579917473,78,-0.6,73.08,83.28,83.28,14.74
Carnarvon,AU,0,1579917473,40,-24.87,113.63,89.6,89.6,10.29
Vrangel,RU,0,1579917474,48,42.73,133.08,21.22,21.22,12.91
Pelym,RU,7,1579917474,91,61.01,62.0,-2.58,-2.58,3.27
Tautira,PF,40,1579917199,62,-17.73,-149.15,87.46,87.8,5.82
Paamiut,GL,100,1579917366,72,61.99,-49.67,14.85,14.85,18.72
Manzanillo,MX,40,1579917430,78,19.05,-104.32,80.6,80.6,9.17
Tasiilaq,GL,100,1579917462,45,65.61,-37.64,23.0,23.0,18.34
Semey,KZ,75,1579917475,79,50.41,80.23,32.0,32.0,22.37
Saint George,BM,75,1579917475,88,32.38,-64.68,68.04,70.0,14.99
Escada,BR,90,1579917475,74,-8.36,-35.22,82.4,82.4,4.7
Acatic,MX,75,1579917475,37,20.78,-102.88,69.8,69.8,3.36
Ponta do Sol,CV,40,1579917475,83,17.2,-25.09,71.6,71.6,18.34
Wladyslawowo,PL,90,1579917475,93,54.79,18.4,40.41,42.01,14.99
Kavieng,PG,7,1579917182,68,-2.57,150.8,84.27,84.27,11.32
Yellowknife,CA,75,1579917476,84,62.46,-114.35,6.4,6.8,9.17
Lavrentiya,RU,0,1579917476,80,65.58,-171.0,-15.86,-15.86,3.11
Vanimo,PG,0,1579917476,71,-2.67,141.3,83.66,83.66,6.93
Souillac,MU,75,1579917291,94,-20.52,57.52,79.86,80.6,19.46
Santa Ines,BR,79,1579917476,97,-3.67,-45.38,75.0,75.0,2.68
Emerald,AU,75,1579917476,74,-23.53,148.17,84.11,84.2,19.46
Port Hardy,CA,75,1579917194,93,50.7,-127.42,46.4,46.4,5.82
Nuuk,GL,100,1579917179,65,64.18,-51.72,8.29,8.6,4.7
Kaitangata,NZ,60,1579917477,90,-46.28,169.85,58.19,58.19,15.26
Talara,PE,59,1579917477,89,-4.58,-81.27,73.87,73.87,11.14
Cockburn Town,BS,1,1579917477,75,24.03,-74.52,73.38,73.38,13.49
Villa Carlos Paz,AR,18,1579917477,78,-31.42,-64.5,78.17,84.0,6.93
Saint-Georges,GF,99,1579917477,99,3.9,-51.8,73.11,73.11,1.97
Lokosovo,RU,74,1579917477,98,61.13,74.82,-1.53,-1.53,5.32
Medvedevo,RU,75,1579917477,92,56.63,47.8,28.4,28.4,15.66
Flinders,AU,90,1579917478,54,-34.58,150.86,81.79,84.99,10.29
Khatanga,RU,70,1579917478,90,71.97,102.5,-22.83,-22.83,7.87
Bahia Blanca,AR,92,1579917478,33,-38.72,-62.27,71.26,71.26,9.89
Caravelas,BR,100,1579917478,80,-17.71,-39.25,80.04,80.04,28.27
Hoima,UG,100,1579917478,32,1.44,31.34,65.17,65.17,2.28
Dikson,RU,100,1579917478,94,73.51,80.55,-3.32,-3.32,7.02
Malaryta,BY,100,1579917478,71,51.79,24.07,33.66,33.66,13.4
Hasaki,JP,75,1579917478,49,35.73,140.83,45.91,46.99,9.17
Saskylakh,RU,100,1579917479,91,71.92,114.08,-26.66,-26.66,23.29
Arraial do Cabo,BR,20,1579917479,94,-22.97,-42.03,73.4,73.4,5.82
Lida,BY,100,1579917479,89,53.88,25.3,37.27,37.27,14.5
Aykhal,RU,90,1579917479,74,66.0,111.5,-25.6,-25.6,8.95
Baharly,TM,100,1579917479,94,38.44,57.43,36.86,36.86,14.56
Nar'yan-Mar,RU,86,1579917479,99,67.67,53.09,-10.75,-10.75,3.6
Alta Floresta,BR,100,1579917479,97,-9.88,-56.09,72.16,72.16,2.51
Alyth,GB,75,1579917479,93,56.62,-3.23,45.86,46.99,17.22
Broome,AU,75,1579917479,70,-17.97,122.23,89.6,89.6,12.75
Carndonagh,IE,100,1579917480,89,55.25,-7.27,44.87,44.87,11.48
Normandin,CA,20,1579917480,84,48.83,-72.53,3.2,3.2,2.24
Manta,EC,20,1579917480,74,-0.95,-80.73,80.6,80.6,11.41
Srednekolymsk,RU,97,1579917480,95,67.45,153.68,-35.77,-35.77,5.21
Yerbogachen,RU,98,1579917480,94,61.28,108.01,8.26,8.26,6.42
Merowe,SD,0,1579917480,43,18.48,31.82,49.53,49.53,12.37
Kurchum,KZ,100,1579917481,71,48.57,83.65,25.11,25.11,18.7
Ngunguru,NZ,12,1579917481,66,-35.62,174.5,79.74,82.0,8.01
Cabo San Lucas,MX,90,1579917481,72,22.89,-109.91,67.8,69.01,4.7
Vestmannaeyjar,IS,100,1579917481,82,63.44,-20.27,39.34,39.34,35.28
Guarapari,BR,75,1579917292,94,-20.67,-40.5,75.11,75.2,6.93
Usinsk,RU,94,1579917481,98,65.99,57.53,-2.0,-2.0,5.48
Marquette,US,90,1579917481,98,46.53,-87.63,32.04,33.01,9.17
Tuktoyaktuk,CA,90,1579917463,77,69.45,-133.04,-2.2,-2.2,12.75
Pyapon,MM,35,1579917482,48,16.28,95.68,74.91,74.91,11.56
Port Hedland,AU,0,1579917482,37,-20.32,118.57,98.6,98.6,4.7
Butka,RU,94,1579917482,91,56.72,63.79,5.5,5.5,10.54
Comodoro Rivadavia,AR,0,1579917482,33,-45.87,-67.5,75.2,75.2,21.92
Sangamner,IN,60,1579917482,46,19.57,74.22,69.15,69.15,2.68
Talnakh,RU,40,1579917482,84,69.49,88.4,8.6,8.6,20.13
Oriximina,BR,100,1579917483,82,-1.77,-55.87,79.3,79.3,2.13
Batticaloa,LK,100,1579917483,81,7.71,81.69,78.57,78.57,7.61
Rantepao,ID,8,1579917483,59,-2.97,119.9,81.9,81.9,4.09
Durusu,TR,0,1579917483,69,41.31,28.68,40.42,42.8,10.29
Teya,RU,71,1579917483,95,60.38,92.63,15.84,15.84,4.32
Wald-Michelbach,DE,90,1579917483,88,49.57,8.83,31.12,35.01,3.36
Ugoofaaru,MV,80,1579917483,79,5.67,73.0,82.13,82.13,16.49
Tuatapere,NZ,99,1579917483,63,-46.13,167.68,66.99,66.99,5.01
Port Alfred,ZA,0,1579917483,94,-33.59,26.89,64.0,64.0,1.99
Sao Joao da Barra,BR,100,1579917231,95,-21.64,-41.05,72.19,72.19,7.52
Korla,CN,100,1579917484,68,41.76,86.15,15.03,15.03,2.17
Pisco,PE,90,1579917460,73,-13.7,-76.22,75.07,77.0,8.05
Castro,CL,20,1579917484,77,-42.47,-73.77,59.0,59.0,9.17
Tarabuco,BO,19,1579917484,51,-19.17,-64.92,59.0,59.0,12.75
Santa Rosa,BO,100,1579917484,94,-14.17,-66.88,75.69,75.69,5.84
Tukrah,LY,0,1579917484,70,32.53,20.58,51.1,51.1,7.85
Tilichiki,RU,100,1579917484,88,60.47,166.1,27.88,27.88,25.9
Aklavik,CA,90,1579917484,76,68.22,-135.01,-4.0,-4.0,9.17
Turkan,AZ,90,1579917485,68,40.36,50.22,33.8,33.8,2.24
Yar-Sale,RU,89,1579917485,97,66.83,70.83,1.85,1.85,4.29
Tonantins,BR,100,1579917485,96,-2.87,-67.8,73.62,73.62,2.15
Zhigansk,RU,56,1579917224,95,66.77,123.37,-42.63,-42.63,10.69
Kodiak,US,75,1579917485,62,57.79,-152.41,19.4,19.4,13.87
Manoel Urbano,BR,100,1579917485,86,-8.84,-69.26,72.23,72.23,2.75
Horta,PT,100,1579917485,87,38.53,-28.63,57.09,57.09,15.19
Mersing,MY,16,1579917485,76,2.43,103.84,80.31,80.31,11.03
Santa Maria do Suacui,BR,100,1579917486,91,-18.19,-42.41,68.63,68.63,12.19
Caala,AO,100,1579917486,94,-12.85,15.56,61.65,61.65,1.92
Porto Novo,CV,40,1579917486,83,17.02,-25.06,71.6,71.6,18.34
Chu,KZ,100,1579917486,78,43.6,73.76,26.01,26.01,0.94
Sheltozero,RU,75,1579917486,83,61.37,35.37,30.43,30.43,17.9
Vao,NC,38,1579917213,82,-22.67,167.48,77.58,77.58,21.14
Verkhoyansk,RU,25,1579917486,88,67.54,133.38,-42.81,-42.81,0.78
Acarau,BR,84,1579917486,88,-2.89,-40.12,76.77,76.77,4.56
Cururupu,BR,93,1579917487,97,-1.83,-44.87,75.16,75.16,1.79
Ecublens,CH,20,1579917487,100,46.53,6.56,32.25,36.0,3.67
Kapit,MY,100,1579917487,97,2.02,112.93,74.28,74.28,0.72
Ryotsu,JP,40,1579917487,56,38.08,138.43,41.0,41.0,4.7
Sukumo,JP,100,1579917487,85,32.93,132.73,51.84,51.84,6.44
Haines Junction,CA,99,1579917487,96,60.75,-137.51,-9.22,-9.22,3.44
Thompson,CA,20,1579917487,85,55.74,-97.86,15.8,15.8,8.05
Muravlenko,RU,100,1579917487,95,63.79,74.52,-0.31,-0.31,12.01
Manicore,BR,100,1579917488,91,-5.81,-61.3,76.48,76.48,1.19
Grenville,GD,75,1579917488,94,12.12,-61.62,77.0,77.0,17.22
Tambopata,PE,100,1579917488,94,-12.73,-69.18,73.35,73.35,2.35
Nome,US,1,1579917488,76,64.5,-165.41,-11.2,-11.2,4.7
Skibbereen,IE,75,1579917488,87,51.55,-9.27,42.8,42.8,12.75
Wahpeton,US,90,1579917488,92,46.27,-96.61,24.91,25.0,5.82
Sur,OM,100,1579917488,76,22.57,59.53,67.44,67.44,1.34
Tiksi,RU,0,1579917488,78,71.69,128.87,-31.7,-31.7,5.95
Vila Franca do Campo,PT,75,1579917489,76,37.72,-25.43,55.4,55.4,5.82
Mezhova,UA,100,1579917489,70,48.25,36.73,31.1,31.1,15.82
Kintampo,GH,7,1579917489,16,8.06,-1.73,72.19,72.19,2.48
Bela,PK,0,1579917489,46,26.23,66.31,65.91,65.91,5.12
Nyurba,RU,98,1579917489,96,63.28,118.33,-25.37,-25.37,6.87
Coxim,BR,3,1579917489,88,-18.51,-54.76,74.3,74.3,3.31
Vazante,BR,100,1579917489,95,-17.99,-46.91,68.45,68.45,5.77
Juliaca,PE,40,1579917303,50,-15.5,-70.13,53.6,53.6,3.36
Nemuro,JP,40,1579917490,48,43.32,145.57,19.4,19.4,16.11
Eyl,SO,100,1579917490,82,7.98,49.82,79.11,79.11,19.8
Chulman,RU,100,1579917490,96,56.85,124.91,-16.65,-16.65,2.51
Bambanglipuro,ID,90,1579917214,60,-7.95,110.28,87.04,87.04,7.34
Mackay,AU,40,1579917490,74,-21.15,149.2,83.64,87.01,11.41
Kathmandu,NP,20,1579917330,93,27.72,85.32,39.2,39.2,2.24
Tapes,BR,7,1579917491,95,-30.67,-51.4,63.32,63.32,0.83
Boa Vista,BR,100,1579917483,65,2.82,-60.67,82.4,82.4,5.82
Kutum,SD,0,1579917212,36,14.2,24.67,38.84,38.84,4.99
Susanville,US,75,1579917491,87,40.42,-120.65,41.92,44.6,3.36
Sandwick,GB,75,1579917491,87,60.0,-1.25,45.57,46.4,19.46
Komsomolskiy,RU,69,1579917491,59,43.98,46.7,29.98,29.98,8.46
Baruun-Urt,MN,0,1579917491,87,46.68,113.28,4.1,4.1,8.05
Los Alamos,US,1,1579917377,60,35.89,-106.31,35.69,41.0,3.62
East London,ZA,27,1579917491,80,-33.02,27.91,75.85,75.85,2.13
Vostok,RU,11,1579917492,83,46.49,135.88,-1.39,-1.39,7.63
Portland,AU,47,1579917492,84,-38.33,141.6,62.83,62.83,19.44
Mehran,IR,98,1579917492,76,33.12,46.16,49.6,49.6,20.31
Buala,SB,21,1579917492,65,-8.14,159.59,88.11,88.11,7.29
Tekeli,KZ,100,1579917492,93,44.83,78.82,23.58,23.58,6.58
Nacala,MZ,17,1579917492,97,-14.54,40.67,69.51,69.51,5.5
Jiamusi,CN,0,1579917492,80,46.83,130.35,1.49,1.49,6.49
Alpena,US,90,1579917236,80,45.06,-83.43,34.03,35.6,13.87
Domoni,KM,89,1579917492,82,-12.26,44.53,80.37,80.37,19.71
Lorengau,PG,9,1579917493,69,-2.02,147.27,83.79,83.79,3.44
Staryy Nadym,RU,95,1579917493,96,65.61,72.68,3.54,3.54,3.27
Balabac,PH,64,1579917493,70,7.99,117.06,84.31,84.31,8.08
Aquiraz,BR,20,1579917493,78,-3.9,-38.39,82.4,82.4,10.29
Taseyevo,RU,100,1579917493,90,57.22,94.9,28.47,28.47,4.56
Hobyo,SO,100,1579917197,84,5.35,48.53,77.68,77.68,12.06
Dwarka,IN,5,1579917494,47,22.24,68.97,71.13,71.13,8.75
Vila Velha,BR,75,1579917494,94,-20.33,-40.29,75.11,75.2,6.93
Grindavik,IS,90,1579917494,94,63.84,-22.43,32.0,32.0,28.86
Lucapa,AO,100,1579917494,94,-8.42,20.74,67.71,67.71,3.02
Arrondissement de Mont-de-Marsan,FR,90,1579917494,93,44.0,-0.67,40.26,43.0,3.36
Jalu,LY,0,1579917494,66,29.03,21.55,51.26,51.26,4.97
Husavik,IS,90,1579917494,68,66.04,-17.34,30.2,30.2,29.97
Orlik,RU,100,1579917494,81,52.52,99.83,4.35,4.35,3.56
Port Lincoln,AU,0,1579917495,48,-34.73,135.87,75.43,75.43,3.85
Antalaha,MG,100,1579917495,80,-14.9,50.28,80.76,80.76,13.42
Adrar,DZ,94,1579917495,27,25.75,-1.0,63.55,63.55,10.54
Kununurra,AU,40,1579917495,67,-15.77,128.73,93.2,93.2,4.7
Beringovskiy,RU,100,1579917495,96,63.05,179.32,11.68,11.68,9.24
Poum,NC,19,1579917495,74,-20.23,164.02,79.66,79.66,13.42
Gravdal,NO,53,1579917495,68,68.12,13.5,36.36,36.36,24.56
San Ramon,BO,85,1579917495,69,-13.28,-64.72,80.46,80.46,3.83
Omsukchan,RU,100,1579917496,96,62.53,155.8,-32.35,-32.35,9.91
Narsaq,GL,100,1579917496,79,60.92,-46.05,21.2,21.2,3.36
La Asuncion,VE,7,1579917202,69,11.03,-63.86,80.6,80.6,2.24
Severo-Kuril'sk,RU,95,1579917496,90,50.68,156.12,17.17,17.17,41.03
Monterey,US,1,1579917496,82,36.25,-121.25,56.3,62.01,6.93
Batsfjord,NO,100,1579917496,96,70.63,29.72,13.55,13.55,3.91
Hambantota,LK,20,1579917496,100,6.12,81.12,73.4,73.4,4.7
Rawson,AR,100,1579917496,47,-43.3,-65.1,70.02,70.02,30.87
Ciudad de Armeria,MX,40,1579917497,83,18.93,-103.97,75.88,80.6,11.41
Rurrenabaque,BO,100,1579917497,98,-14.44,-67.53,73.71,73.71,1.36
Ilulissat,GL,100,1579917497,51,69.22,-51.1,14.0,14.0,8.05
Kumul,CN,0,1579917497,51,42.8,93.45,16.84,16.84,3.02
Caucaia,BR,20,1579917497,78,-3.74,-38.65,82.4,82.4,10.29
Erenhot,CN,0,1579917497,80,43.65,111.98,15.67,15.67,10.16
Kysyl-Syr,RU,78,1579917497,96,63.9,122.76,-37.7,-37.7,8.43
Bulungu,CD,100,1579917498,76,-4.55,18.6,73.65,73.65,1.28
Raudeberg,NO,100,1579917498,93,61.99,5.14,36.39,37.4,5.82
Geraldton,AU,0,1579917498,57,-28.77,114.6,78.8,78.8,14.99
Rhodes,GR,0,1579917498,57,36.44,28.22,45.73,50.0,2.24
Mayna,RU,100,1579917498,93,54.11,47.62,26.42,26.42,12.82
Melfi,TD,0,1579917498,14,11.06,17.94,57.63,57.63,4.56
Vardo,NO,100,1579917498,64,70.37,31.11,27.16,27.16,9.44
Alice Springs,AU,66,1579917462,14,-23.7,133.88,87.8,87.8,16.11
Tres Arroyos,AR,67,1579917499,60,-38.37,-60.28,60.64,60.64,6.35
Tsimmerbude,RU,90,1579917499,93,54.67,20.13,42.8,42.8,17.9
Fairbanks,US,75,1579917371,70,64.84,-147.72,-2.6,-0.4,8.05
Hervey Bay,AU,40,1579917499,66,-25.3,152.85,85.08,86.0,10.29
Kavaratti,IN,100,1579917499,75,10.57,72.64,81.55,81.55,7.83
Taoudenni,ML,89,1579917499,20,22.68,-3.98,72.52,72.52,5.88
Dafeng,CN,100,1579917499,92,23.45,108.59,47.26,47.26,6.71
Brae,GB,100,1579917500,93,60.4,-1.35,45.37,46.4,19.46
Litovko,RU,0,1579917500,63,49.24,135.17,-0.92,-0.92,5.08
Soponya,HU,30,1579917500,83,47.01,18.45,30.0,30.0,4.09
Saint-Joseph,RE,100,1579917500,94,-21.37,55.62,75.7,78.8,24.16
Roma,AU,99,1579917500,45,-26.58,148.78,91.51,91.51,10.07
Moron,MN,0,1579917500,71,47.38,110.32,4.95,4.95,1.92
Goya,AR,0,1579917500,51,-29.14,-59.26,73.47,73.47,4.14
Manado,ID,40,1579917501,66,1.49,124.85,87.8,87.8,2.24
Bokoro,TD,0,1579917501,16,12.38,17.06,57.76,57.76,13.02
Karnal,IN,11,1579917501,68,29.68,76.98,48.02,48.02,2.93
Copiapo,CL,0,1579917501,53,-27.37,-70.33,75.2,75.2,8.05
Safi,MA,0,1579917501,85,32.3,-9.24,53.91,53.91,16.98
Visby,SE,11,1579917501,86,57.64,18.3,40.03,42.01,14.99
Constitucion,MX,75,1579917501,17,23.99,-104.67,64.4,64.4,12.75
Makakilo City,US,1,1579917501,54,21.35,-158.09,79.05,80.01,9.17
San Sebastian,CO,40,1579917502,100,-4.18,-69.95,75.2,75.2,2.24
Nara,ML,61,1579917502,12,15.17,-7.29,73.24,73.24,7.63
Inverell,AU,64,1579917314,55,-29.78,151.12,91.65,93.99,4.0
Borogontsy,RU,20,1579917502,96,62.67,131.17,-35.34,-35.34,3.56
Izmir,TR,0,1579917502,79,38.46,27.09,30.69,36.0,4.7
Vila do Maio,CV,44,1579917502,50,15.13,-23.22,77.0,77.0,19.46
Lundazi,ZM,37,1579917214,93,-12.29,33.18,63.52,63.52,9.28
Bhainsa,IN,0,1579917502,43,26.95,76.9,53.67,53.67,1.25
Schio,IT,40,1579917502,75,45.71,11.36,39.72,45.0,4.7
Clyde River,CA,1,1579917503,74,70.47,-68.59,-25.6,-25.6,2.24
Novyy Urengoy,RU,92,1579917503,95,66.08,76.63,3.9,3.9,5.55
Songjianghe,CN,0,1579917503,60,42.19,127.48,23.83,23.83,2.66
Aracoiaba,BR,100,1579917503,84,-4.37,-38.81,76.62,76.62,4.61
Williams Lake,CA,75,1579917503,93,52.14,-122.14,37.4,37.4,8.05
Dalvik,IS,90,1579917503,68,65.97,-18.53,30.2,30.2,29.97
Krasnosel'kup,RU,100,1579917503,93,65.7,82.47,9.46,9.46,14.72
Sola,VU,7,1579917504,77,-13.88,167.55,82.31,82.31,14.36
Zyryanka,RU,100,1579917504,95,65.75,150.85,-25.37,-25.37,6.91
Yulara,AU,0,1579917504,14,-25.24,130.99,87.8,87.8,16.11
Tura,RU,100,1579917504,97,64.28,100.25,-5.76,-5.76,3.67
Gordeyevka,RU,100,1579917504,94,52.96,31.97,36.66,36.66,14.47
Havre-Saint-Pierre,CA,1,1579917504,77,50.23,-63.6,-0.4,-0.4,2.24
Sitka,US,90,1579917504,86,57.05,-135.33,33.8,33.8,17.22
Wenceslau Braz,BR,0,1579917504,93,-23.87,-49.8,59.25,59.25,3.89
Shalinskoye,RU,100,1579917504,75,55.72,93.76,23.14,23.14,7.4
Bitlis,TR,92,1579917505,77,38.5,42.25,18.37,18.37,6.69
Yatou,CN,100,1579917505,52,37.15,122.38,39.54,39.54,11.27
Cayenne,GF,75,1579917208,83,4.93,-52.33,78.8,78.8,4.7
Shimoda,JP,75,1579917505,75,34.67,138.95,47.19,51.8,17.22
Pingliang,CN,100,1579917505,76,35.54,106.69,24.28,24.28,4.23
Conde,BR,75,1579917505,88,-7.26,-34.91,78.8,78.8,4.7
Praya,ID,75,1579917505,66,-8.71,116.27,87.8,87.8,2.24
High Prairie,CA,24,1579917505,88,55.43,-116.49,23.94,23.94,2.35
Bonavista,CA,0,1579917505,70,48.65,-53.11,19.99,19.99,5.99
Kimbe,PG,19,1579917506,62,-5.55,150.14,88.59,88.59,6.26
Amga,RU,8,1579917506,95,60.9,131.96,-30.24,-30.24,1.3
Opportunity,US,90,1579917506,93,47.65,-117.24,39.97,43.0,6.55
Hamilton,BM,75,1579917413,88,32.29,-64.78,68.02,70.0,14.99
Kieta,PG,0,1579917216,66,-6.22,155.63,86.59,86.59,7.96
Metro,ID,95,1579917483,78,-5.11,105.31,83.1,83.1,11.56
Sao Gabriel da Cachoeira,BR,100,1579917506,94,-0.13,-67.09,75.63,75.63,1.52
Huilong,CN,100,1579917506,41,31.81,121.66,47.55,51.01,10.33
Izumo,JP,75,1579917507,66,35.37,132.77,47.21,48.2,16.11
Jumla,NP,0,1579917507,39,29.27,82.18,30.38,30.38,3.24
Bowen,AU,90,1579917507,83,-20.02,148.23,83.41,86.0,6.93
Legionowo,PL,90,1579917507,81,52.4,20.93,33.31,36.0,11.41
Ha Tinh,VN,89,1579917507,84,18.33,105.9,73.94,73.94,16.04
Esmeraldas,EC,40,1579917507,74,-1.87,-79.8,82.15,82.4,3.36
Gornopravdinsk,RU,100,1579917507,99,60.05,69.9,-2.11,-2.11,5.46
Trelaze,FR,90,1579917507,100,47.45,-0.47,36.72,37.4,3.36
Nuevitas,CU,20,1579917507,88,21.55,-77.26,68.0,68.0,5.82
Rio Brilhante,BR,0,1579917508,93,-21.8,-54.55,69.31,69.31,1.45
OErnskoeldsvik,SE,0,1579917508,63,63.29,18.72,31.01,32.0,24.16
Ancud,CL,20,1579917508,77,-41.87,-73.82,59.0,59.0,9.17
Natal,BR,75,1579917292,83,-5.79,-35.21,80.6,80.6,6.93
Jiblah,YE,100,1579917508,89,13.92,44.15,58.69,58.69,1.92
Sarab,IR,0,1579917508,66,38.61,44.99,12.43,12.43,1.48
Djambala,CG,100,1579917508,87,-2.54,14.75,70.27,70.27,4.45
Saint-Honore,CA,40,1579917508,91,48.53,-71.08,7.68,10.99,2.24
Ambovombe,MG,0,1579917509,79,-25.17,46.08,70.21,70.21,11.27
La Ronge,CA,75,1579917509,92,55.1,-105.28,15.8,15.8,2.17
Grand Gaube,MU,75,1579917509,94,-20.01,57.66,79.68,80.6,19.46
Naze,JP,75,1579917509,88,28.37,129.48,71.6,71.6,6.93
Troitskoye,RU,100,1579917509,84,52.98,84.68,23.85,23.85,5.39
Batemans Bay,AU,86,1579917509,75,-35.72,150.18,75.96,77.0,5.01
Sao Filipe,CV,7,1579917509,68,14.9,-24.5,72.12,72.12,14.43
Luanda,AO,75,1579917457,78,-8.84,13.23,80.6,80.6,6.93
Westport,IE,100,1579917510,90,53.8,-9.52,45.72,50.0,1.01
Santiago,PY,0,1579917510,64,-27.15,-56.78,68.83,68.83,4.56
Birjand,IR,0,1579917510,82,32.87,59.22,32.5,32.5,4.34
Xichang,CN,100,1579917510,84,27.9,102.26,24.1,24.1,4.14
Port Blair,IN,40,1579917510,94,11.67,92.75,71.6,71.6,2.24
Gayeri,BF,65,1579917510,10,12.65,0.49,70.39,70.39,13.42
Nakusp,CA,100,1579917510,99,50.25,-117.8,33.01,33.01,1.01
Arrondissement de Bar-le-Duc,FR,14,1579917510,92,48.75,5.17,30.43,32.0,2.24
Ormara,PK,34,1579917511,67,25.21,64.64,70.95,70.95,10.78
Weinan,CN,90,1579917511,93,34.5,109.51,37.89,39.99,4.47
Mahajanga,MG,20,1579917511,94,-15.72,46.32,77.0,77.0,2.24
Oistins,BB,20,1579917511,78,13.07,-59.53,78.8,78.8,10.29
Tolaga Bay,NZ,1,1579917511,86,-38.37,178.3,69.62,69.62,9.75
Vaitape,PF,6,1579917511,77,-16.52,-151.75,82.33,82.33,12.59
Pishin,PK,85,1579917511,92,30.58,67.0,40.68,40.68,5.59
Port Moresby,PG,40,1579917511,63,-9.44,147.18,91.4,91.4,16.11
Werda,BW,75,1579917512,79,-25.27,23.28,66.52,66.52,14.65
Prince Rupert,CA,90,1579917301,93,54.32,-130.32,44.6,44.6,12.75
Mandalgovi,MN,0,1579917512,62,45.76,106.27,13.33,13.33,4.61
Bengkulu,ID,100,1579917388,93,-3.8,102.27,75.9,75.9,3.49
Walvis Bay,NA,0,1579917512,93,-22.96,14.51,61.9,64.0,4.7
Itaituba,BR,100,1579917294,65,-4.28,-55.98,81.05,81.05,1.63
Casselman,CA,75,1579917512,74,45.32,-75.08,29.98,32.0,8.05
'Ahuimanu,US,40,1579917512,61,21.44,-157.84,79.07,80.01,4.7
Richards Bay,ZA,96,1579917512,79,-28.78,32.04,75.99,75.99,25.77
Ajuchitlan,MX,40,1579917513,55,20.72,-100.02,60.8,60.8,8.05
Severobaykalsk,RU,100,1579917513,90,55.65,109.32,19.47,19.47,14.25
Mwinilunga,ZM,100,1579917513,98,-11.74,24.43,61.95,61.95,2.98
Dryden,CA,75,1579917513,92,49.78,-92.75,19.4,19.4,4.7
Nizwa,OM,46,1579917513,76,22.93,57.53,59.52,59.52,1.14
Emba,KZ,100,1579917513,99,48.83,58.14,2.19,2.19,9.37
Taber,CA,40,1579917513,56,49.82,-112.15,43.36,44.01,19.46
Lakselv,NO,96,1579917354,92,70.05,24.97,17.02,19.4,9.17
Porto Santo,PT,40,1579917514,67,33.07,-16.34,58.23,59.0,12.75
Linqiong,CN,88,1579917514,65,30.42,103.46,44.6,44.6,0.96
Gondanglegi,ID,67,1579917514,70,-7.75,112.01,84.38,84.38,4.7
Viseu,BR,90,1579917514,80,-1.2,-46.14,82.76,82.76,14.09
Labuhan,ID,86,1579917514,69,-6.88,112.21,85.86,85.86,3.78
Salinas,MX,40,1579917514,33,18.8,-99.64,69.28,75.2,2.24
Marsassoum,SN,35,1579917515,69,12.83,-15.98,75.2,75.2,4.7
Padang,ID,14,1579917515,63,-0.95,100.35,82.47,82.47,1.19
Burns Lake,CA,55,1579917515,95,54.23,-125.75,28.13,28.13,4.94
Norman,US,1,1579917515,69,35.22,-97.44,39.6,42.8,4.7
Bluefield,US,75,1579917515,100,37.27,-81.22,45.0,48.2,4.09
Chimoio,MZ,75,1579917515,100,-19.12,33.48,68.0,68.0,2.8
Carballo,ES,90,1579917515,100,43.21,-8.69,41.63,46.0,5.82
Eureka,US,90,1579917388,87,40.8,-124.16,55.45,59.0,4.79
Changde,CN,100,1579917516,83,29.05,111.68,41.79,41.79,12.55
Samoded,RU,100,1579917516,95,63.61,40.51,22.01,22.01,7.11
Svetlogorsk,RU,90,1579917516,93,54.94,20.15,42.8,42.8,17.9
San Quintin,MX,100,1579917516,82,30.48,-115.95,59.79,59.79,1.25
Assiut,EG,0,1579917516,75,27.18,31.18,44.6,44.6,9.17
Jacqueville,CI,20,1579917516,89,5.21,-4.41,84.2,84.2,6.93
Shelburne,CA,90,1579917238,93,44.08,-80.2,34.27,36.0,16.11
Ossora,RU,100,1579917516,96,59.24,163.07,30.4,30.4,25.03
Isangel,VU,24,1579917517,80,-19.55,169.27,79.27,79.27,12.53
Mogadishu,SO,100,1579917517,85,2.04,45.34,81.14,81.14,23.6
Terrace,CA,75,1579917231,100,54.52,-128.6,37.24,37.4,9.17
Northam,AU,37,1579917304,42,-31.67,116.67,82.4,82.4,6.93
Tigil,RU,100,1579917517,92,57.8,158.67,8.15,8.15,14.36
Roald,NO,100,1579917517,80,62.58,6.13,34.77,39.2,14.99
Idanre,NG,91,1579917517,14,7.11,5.12,68.29,68.29,4.36
Tutoia,BR,60,1579917518,94,-2.76,-42.27,76.14,76.14,4.29
Belmonte,BR,40,1579917518,83,-15.86,-38.88,78.8,78.8,10.29
Andenes,NO,100,1579917518,92,69.31,16.12,27.84,28.4,8.05
Pochutla,MX,5,1579917518,78,15.74,-96.47,78.4,80.6,4.92
Bojnourd,IR,90,1579917518,80,37.47,57.33,35.6,35.6,2.44
Gulabpura,IN,0,1579917518,34,25.9,74.67,55.56,55.56,4.16
Leh,IN,100,1579917518,91,34.17,77.58,-1.35,-1.35,4.32
Kaeo,NZ,0,1579917518,61,-35.1,173.78,84.4,91.99,1.01
Port Macquarie,AU,90,1579917260,66,-31.43,152.92,87.48,90.0,7.99
Sakakah,SA,0,1579917519,80,29.97,40.21,35.6,35.6,11.41
Tongzi,CN,100,1579917519,67,28.78,105.09,47.61,47.61,9.01
Zheleznodorozhnyy,RU,90,1579917353,86,55.75,38.0,36.93,39.0,8.95
Esim,GH,55,1579917519,92,4.87,-2.24,77.13,77.13,2.89
Omboue,GA,82,1579917519,95,-1.57,9.26,75.38,75.38,1.14
Devils Lake,US,90,1579917519,100,48.11,-98.87,18.46,19.4,6.58
Hoshcha,UA,67,1579917519,75,50.6,26.67,30.67,30.67,16.15
Salamanca,ES,100,1579917519,100,40.83,-6.0,37.0,41.0,3.36
Coahuayana Viejo,MX,40,1579917519,83,18.73,-103.68,71.6,71.6,11.41
Stepnoye,RU,100,1579917520,95,51.4,46.87,28.89,28.89,18.99
Torbat-e Jam,IR,0,1579917520,57,35.24,60.62,32.56,32.56,4.74
Morondava,MG,100,1579917520,94,-20.28,44.28,74.48,74.48,3.94
Beyneu,KZ,88,1579917520,77,45.32,55.2,25.12,25.12,12.82
Ati,TD,0,1579917520,19,13.22,18.34,55.83,55.83,10.78
Carutapera,BR,90,1579917520,80,-1.2,-46.02,82.76,82.76,14.09
Mayo,CA,90,1579917520,84,63.59,-135.9,3.2,3.2,5.82
Nanortalik,GL,100,1579917520,75,60.14,-45.24,20.73,20.73,31.65
Umm Lajj,SA,0,1579917520,63,25.02,37.27,53.71,53.71,14.72
Juneau,US,90,1579917521,95,58.3,-134.42,31.75,33.01,2.62
Mahon,ES,19,1579917521,93,39.89,4.27,50.0,50.0,5.82
Tabuk,SA,40,1579917521,69,28.38,36.58,37.4,37.4,4.7
Bom Jesus,BR,100,1579917521,90,-9.07,-44.36,71.55,71.55,1.54
Biltine,TD,0,1579917521,18,14.53,20.92,56.08,56.08,16.37
Minna,NG,32,1579917521,23,9.61,6.56,73.4,73.4,10.29
Cabra,PH,100,1579917521,79,13.89,120.05,79.84,79.84,18.1
Kruisfontein,ZA,71,1579917521,83,-34.0,24.73,65.12,65.12,5.68
Neiafu,TO,75,1579917522,78,-18.65,-173.98,82.4,82.4,6.93
Houston,CA,75,1579917522,86,54.4,-126.67,37.4,37.4,5.82
Lethem,GY,100,1579917522,42,3.38,-59.8,84.06,84.06,14.5
Ouegoa,NC,99,1579917522,65,-20.35,164.43,79.36,79.36,3.4
Humberto de Campos,BR,98,1579917522,86,-2.6,-43.46,78.78,78.78,4.81
Kostomuksha,RU,100,1579917522,96,64.57,30.58,25.07,25.07,3.44
Chantada,ES,20,1579917522,87,42.61,-7.77,38.98,46.0,4.7
Kulykiv,UA,24,1579917523,74,50.31,24.82,29.59,29.59,15.86
Dingle,IE,100,1579917523,85,52.14,-10.27,48.92,48.92,23.4
Eyemouth,GB,100,1579917523,93,55.87,-2.09,44.28,45.0,12.75
Sullana,PE,100,1579917523,62,-4.9,-80.69,79.27,79.27,11.45
Mecca,SA,0,1579917463,57,21.43,39.83,54.99,54.99,4.85
Pamplona,ES,67,1579917523,93,42.82,-1.64,46.58,55.0,2.24
Russell,NZ,0,1579917523,66,-35.26,174.12,83.55,91.99,8.01
Magadan,RU,98,1579917524,76,59.57,150.8,-12.44,-12.44,11.34
Puerto del Rosario,ES,0,1579917524,87,28.5,-13.86,57.2,57.2,5.82
Palmer,US,75,1579917524,80,42.16,-72.33,33.22,36.0,5.32
Necochea,AR,89,1579917524,75,-38.55,-58.74,53.62,59.0,5.01
Turaif,SA,0,1579917524,100,31.67,38.66,30.2,30.2,18.34
Khasan,RU,10,1579917524,62,42.43,130.64,19.78,19.78,3.31
Nixa,US,90,1579917247,92,37.04,-93.29,31.53,33.01,8.05
Bakchar,RU,100,1579917524,95,57.02,82.07,25.97,25.97,9.53
Leningradskiy,RU,4,1579917525,80,69.38,178.42,-23.69,-23.69,1.54
Zhoucheng,CN,83,1579917525,34,35.91,116.31,42.26,42.26,1.07
Springdale,CA,0,1579917525,86,49.5,-56.06,0.88,0.88,5.08
Zaraza,VE,0,1579917525,83,9.35,-65.32,73.49,73.49,9.55
Ostrovnoy,RU,100,1579917524,88,68.05,39.51,10.67,10.67,4.76
Mosquera,CO,75,1579917525,82,4.71,-74.23,57.2,57.2,6.93
Balikpapan,ID,40,1579917525,83,-1.27,116.83,84.2,84.2,11.41
Basco,PH,100,1579917525,80,20.45,121.97,77.22,77.22,20.98
San Patricio,MX,40,1579917302,78,19.22,-104.7,80.6,80.6,9.17
Hanzhong,CN,100,1579917526,75,33.07,107.03,38.77,38.77,3.29
Yurimaguas,PE,100,1579917526,98,-5.9,-76.08,75.02,75.02,3.02
Merauke,ID,100,1579917526,70,-8.47,140.33,83.25,83.25,7.85
Garoowe,SO,100,1579917526,76,8.41,48.48,73.15,73.15,8.55
Mazamari,PE,100,1579917526,95,-11.33,-74.53,61.32,61.32,3.47
Grand Forks,US,90,1579917305,85,47.93,-97.03,23.95,24.8,1.81
Altagracia de Orituco,VE,12,1579917526,89,9.86,-66.38,62.71,62.71,4.38
Mbarara,UG,55,1579917526,59,-0.61,30.65,63.82,63.82,2.64
Saint-Francois,GP,20,1579917231,94,16.25,-61.27,75.2,75.2,2.24
Boende,CD,100,1579917527,41,-0.22,20.87,67.86,67.86,0.76
Sorland,NO,0,1579917527,59,67.67,12.69,36.68,36.68,17.4
Qiongshan,CN,20,1579917527,94,20.01,110.35,73.4,73.4,8.95
Bubaque,GW,98,1579917527,69,11.28,-15.83,78.24,78.24,10.85
Wajima,JP,75,1579917527,59,37.4,136.9,37.4,37.4,8.05
Australind,AU,0,1579917527,31,-33.27,115.72,81.41,84.99,5.37
Ninh Binh,VN,100,1579917527,84,20.25,105.97,72.1,72.1,12.21
Fort Nelson,CA,90,1579917527,85,58.81,-122.7,10.4,10.4,2.24
Bathsheba,BB,20,1579917528,78,13.22,-59.52,78.8,78.8,10.29
Sarakhs,IR,0,1579917528,86,36.54,61.16,39.2,39.2,4.7
Okhotsk,RU,0,1579917528,74,59.38,143.3,-18.06,-18.06,12.41
Gawler,AU,75,1579917528,64,-34.6,138.73,73.31,75.99,11.41
Pemangkat,ID,0,1579917528,68,1.17,108.97,84.85,84.85,4.38
Daru,PG,98,1579917528,51,-9.08,143.21,92.08,92.08,5.23
Olkhovka,RU,22,1579917529,91,53.21,60.61,1.38,1.38,14.92
Sinnamary,GF,36,1579917529,84,5.38,-52.95,79.25,79.25,15.39
Sturgeon Bay,US,90,1579917529,97,44.83,-87.38,33.24,34.0,9.17
Zhumadian,CN,100,1579917529,94,32.98,114.03,37.29,37.29,9.31
Olafsvik,IS,100,1579917529,89,64.89,-23.71,29.14,29.14,37.67
Jammalamadugu,IN,77,1579917529,61,14.83,78.4,72.39,72.39,0.56
Kajansi,UG,71,1579917529,88,0.21,32.52,69.8,69.8,3.36
